vp_id,vp_name
1,Susan Williams
2,Joshua Gonzalez
3,James Garcia
4,John Moore
5,Elizabeth Martinez
6,Richard Young
7,Joshua Smith
8,Karen Hill
9,Matthew Robinson
10,Jessica Taylor
11,Charles Miller
12,Betty Miller
13,Sandra Martin
14,Matthew Williams
15,Elizabeth Scott
16,Lisa King
17,Betty Brown
18,Joshua Johnson
19,Michelle Thomas
20,Sarah Lee
21,Andrew Moore
22,Mark Wright
23,Donald Nguyen
24,Betty Young
25,Michael Lewis
26,Joseph Jackson
27,Steven Jackson
28,Michael Jackson
29,Matthew White
30,Mark White
31,Kimberly Taylor
32,David Lewis
33,John Flores
34,Daniel Perez
35,Daniel Taylor
36,Elizabeth Smith
37,William Johnson
38,Betty King
39,Ashley Thompson
40,Joshua Taylor
41,John Lee
42,Joseph Gonzalez
43,Anthony Brown
44,Karen Clark
45,Sarah Robinson
46,Charles Hill
47,Charles Martin
48,David Torres
49,Donald Thompson
50,Elizabeth Jackson
51,Lisa Taylor
52,Margaret Lewis
53,Susan Wilson
54,Linda King
55,Patricia Flores
56,Linda Garcia
57,Steven King
58,Patricia Martinez
59,Margaret Garcia
60,Robert Thompson
61,Paul Johnson
62,David Nguyen
63,Joshua King
64,Mark Torres
65,Michelle Miller
66,James Flores
67,Charles White
68,Betty Garcia
69,Joseph Smith
70,Patricia Nguyen
71,Sandra Taylor
72,Jessica Lewis
73,Mary Clark
74,Anthony Lewis
75,Linda Jones
76,Nancy White
77,Linda Torres
78,Anthony Wright
79,William Thompson
80,Richard Allen
81,Charles Scott
82,Donald Scott
83,Andrew Flores
84,Steven Rodriguez
85,Thomas Robinson
86,Ashley Hill
87,James Lopez
88,Donna Robinson
89,Sarah Wright
90,Anthony Lee
91,Michelle Davis
92,Andrew Walker
93,Donna Ramirez
94,Sandra Martinez
95,Michael Wright
96,Joseph Rodriguez
97,Michelle White
98,Richard Walker
99,Michelle Torres
100,Michelle Brown
101,Patricia Wright
102,Elizabeth Lopez
103,Joseph Young
104,Nancy Lewis
105,Joshua Davis
106,Donald Thomas
107,David King
108,Jessica Hernandez
109,John Lewis
110,Betty Anderson
111,Christopher Thomas
112,John Wright
113,Daniel Allen
114,Steven Moore
115,Mark Moore
116,Anthony Anderson
117,Donald Ramirez
118,Donald Garcia
119,Nancy Wright
120,Charles Brown
121,Mary Hernandez
122,Kimberly Smith
123,Andrew Johnson
124,David Clark
125,Emily Clark
126,Elizabeth Allen
127,Sandra Clark
128,Thomas Harris
129,William Gonzalez
130,Ashley Young
131,Mary Rodriguez
132,"Margaret Hill,Lisa Williams"
133,Andrew Lewis
134,Steven Walker
135,Joshua Wilson
136,Patricia Lopez
137,Susan Martin
138,Andrew Williams
139,Linda Allen
140,David Scott
141,Joseph Perez
142,Matthew Gonzalez
143,Susan White
144,Michael Wilson
145,William Nguyen
146,Jennifer Harris
147,Mary Jackson
148,Christopher Brown
149,Joseph White
150,Christopher Torres
151,James Martinez
152,Anthony Clark
153,Betty Nguyen
154,Robert Moore
155,Matthew Hernandez
156,Lisa Sanchez
157,Nancy Scott
158,Jessica Perez
159,Jennifer Miller
160,Emily Martin
161,Lisa Jackson
162,Michael Martin
163,Betty Harris
164,Matthew Sanchez
165,Mark Taylor
166,Michael Allen
167,David Gonzalez
168,Matthew Clark
169,Elizabeth Nguyen
170,Kimberly Thomas
171,Mary Jones
172,Betty Jackson
173,Joshua Wright
174,Nancy Sanchez
175,Karen Lopez
176,Betty Johnson
177,Andrew Harris
178,Richard Scott
179,Steven Taylor
180,Mark King
181,Karen Taylor
182,Sarah Brown
183,Joshua Allen
184,Sarah Thomas
185,Elizabeth White
186,Paul Thomas
187,Margaret Allen
188,Susan Nguyen
189,Thomas Taylor
190,Steven Ramirez
191,Donald Torres
192,Jennifer Jones
193,Lisa Young
194,Joseph Thomas
195,Lisa Miller
196,Sarah Lewis
197,William Martinez
198,Robert Young
199,Elizabeth Gonzalez
200,Lisa Thomas
201,Christopher Martinez
202,Linda Hill
203,Linda Walker
204,Kimberly Perez
205,Matthew Perez
206,Mark Lewis
207,Paul Lee
208,Elizabeth Davis
209,Matthew Lewis
210,Emily Miller
211,Michelle Wright
212,Lisa Wilson
213,Kimberly Robinson
214,Ashley Lewis
215,Ashley White
216,Thomas Thompson
217,Joseph Nguyen
218,Mark Ramirez
219,Thomas Hernandez
220,Susan Scott
221,Donald Lee
222,Jennifer Scott
223,Joshua Garcia
224,John Jackson
225,Patricia Allen
226,Emily King
227,Patricia Ramirez
228,John Martin
229,Susan Sanchez
230,Ashley Flores
231,Thomas Scott
232,David Martin
233,Richard Robinson
234,Joseph Allen
235,James Clark
236,John Davis
237,Paul Taylor
238,Paul Clark
239,Patricia Thompson
240,Daniel Wilson
241,David Hill
242,Michael Taylor
243,Lisa Davis
244,Donald Miller
245,Mark Robinson
246,Daniel Miller
247,Christopher Clark
248,James Taylor
249,Lisa Rodriguez
250,Anthony Robinson
251,Andrew Taylor
252,Joshua Jackson
253,Joseph Scott
254,Joseph Sanchez
255,Sandra Ramirez
256,Jessica Williams
257,Mark Anderson
258,Mary Lee
259,Richard Gonzalez
260,Charles Davis
261,William Jones
262,Elizabeth Sanchez
263,Susan Miller
264,Mary Gonzalez
265,Robert Garcia
266,Jennifer Davis
267,Margaret Thompson
268,Richard Lewis
269,Mark Clark
270,Thomas Wilson
271,Sandra Lopez
272,Donna Torres
273,Paul Torres
274,Daniel Garcia
275,Steven Garcia
276,Sandra Lewis
277,Elizabeth Jones
278,Karen Ramirez
279,Sarah Garcia
280,Joshua Williams
281,Matthew Flores
282,Elizabeth Taylor
283,Emily Lopez
284,Charles Williams
285,Joseph Martinez
286,Andrew Brown
287,Kimberly Young
288,Barbara Jackson
289,Jennifer Johnson
290,Matthew Jackson
291,Barbara Thomas
292,Thomas Lopez
293,Betty Martinez
294,Sandra Jackson
295,Sarah King
296,Margaret Young
297,Lisa Torres
298,Andrew Thompson
299,Ashley Sanchez
300,Richard Harris
301,Anthony Gonzalez
302,Jessica Sanchez
303,Robert Miller
304,Steven Hernandez
305,Richard Wright
306,Lisa Wright
307,Paul Garcia
308,Mary Flores
309,Richard Martinez
310,William Robinson
311,James Sanchez
312,Robert Scott
313,Anthony Taylor
314,Elizabeth Lee
315,Donald Hill
316,Richard Thompson
317,Margaret Sanchez
318,Robert Jackson
319,Charles Thomas
320,Matthew Moore
321,Lisa Hernandez
322,Kimberly Hernandez
323,Donna Brown
324,Barbara Martinez
325,James Miller
326,Jennifer Martin
327,Sarah Anderson
328,William Lee
329,Jessica Martinez
330,Sarah Gonzalez
331,Anthony Thomas
332,Mary Garcia
333,Charles Thompson
334,Richard Jackson
335,Christopher Harris
336,Linda Hernandez
337,Ashley Miller
338,Robert Gonzalez
339,Kimberly Wright
340,Thomas Allen
341,Karen Thomas
342,Margaret Martinez
343,Mark Smith
344,James Johnson
345,Donald Robinson
346,Paul Nguyen
347,Joshua Moore
348,Sandra Robinson
349,Anthony Allen
350,Thomas White
351,Anthony King
352,Elizabeth Brown
353,Michael White
354,Christopher Robinson
355,Kimberly Johnson
356,Emily Torres
357,Robert Jones
358,Jessica White
359,Mark Young
360,Jessica Lee
361,Sandra Wilson
362,Sandra Flores
363,Jessica Allen
364,Thomas Gonzalez
365,Mark Walker
366,Emily Jones
367,Nancy Clark
368,William Davis
369,Anthony Wilson
370,Michelle Garcia
371,William Perez
372,Joshua Young
373,Anthony Jones
374,Thomas Moore
375,Matthew Smith
376,John Thomas
377,Betty Rodriguez
378,Patricia Harris
379,John Miller
380,Michael Davis
381,Joshua Perez
382,Susan Harris
383,Andrew Gonzalez
384,Daniel Jackson
385,Betty Wright
386,Paul Rodriguez
387,Joseph Hill
388,Thomas Johnson
389,Joshua Hernandez
390,Ashley Johnson
391,Margaret Clark
392,Anthony Williams
393,Sandra Allen
394,Betty Thomas
395,Thomas Nguyen
396,Sarah Martin
397,Joseph Anderson
398,Anthony White
399,Thomas Garcia
400,Elizabeth Walker
401,William Wright
402,Jessica Thomas
403,Steven Martinez
404,Patricia Rodriguez
405,Paul Robinson
406,Sarah Scott
407,Donna Nguyen
408,Linda Flores
409,Anthony Davis
410,Mark Gonzalez
411,Richard Johnson
412,Michael Martinez
413,James Davis
414,Susan Martinez
415,Michelle Gonzalez
416,Kimberly Davis
417,Daniel Wright
418,Jennifer Young
419,Joseph Wright
420,Lisa Clark
421,Susan Hernandez
422,John Sanchez
423,Robert Thomas
424,Nancy Torres
425,Linda Thomas
426,Barbara Garcia
427,Donna Garcia
428,Sandra Scott
429,Michael Flores
430,Emily Taylor
431,Donald Wright
432,Betty Hill
433,Andrew King
434,Kimberly Miller
435,Jennifer Flores
436,Ashley Hernandez
437,Charles Allen
438,Nancy Wilson
439,Karen Martin
440,Emily Ramirez
441,Sandra Wright
442,Emily White
443,Susan Ramirez
444,Susan Walker
445,Paul Jackson
446,Ashley Robinson
447,Joseph Thompson
448,Andrew Rodriguez
449,Jessica Torres
450,Robert King
451,Barbara Hernandez
452,Jessica Scott
453,Paul Miller
454,Donald Perez
455,Emily Walker
456,Emily Perez
457,Elizabeth Thomas
458,Richard Sanchez
459,Joseph Harris
460,Susan Gonzalez
461,Charles Anderson
462,Joshua Anderson
463,Sarah Nguyen
464,Lisa Brown
465,Kimberly Flores
466,Anthony Walker
467,Daniel Martin
468,Matthew Thompson
469,Jennifer Hill
470,Joshua Scott
471,Robert Perez
472,James Wilson
473,Ashley Garcia
474,Mary Thompson
475,Margaret Walker
476,Thomas Flores
477,Susan Smith
478,Susan Torres
479,Kimberly Garcia
480,Donna Gonzalez
481,Donna Smith
482,Michelle Jackson
483,Elizabeth Torres
484,Karen Perez
485,Anthony Scott
486,Elizabeth Williams
487,Michael Harris
488,Jennifer Thomas
489,John Brown
490,Steven Hill
491,David Garcia
492,Daniel Martinez
493,Mary Scott
494,Margaret Wilson
495,William Walker
496,Susan Garcia
497,Thomas Brown
498,Linda Martin
499,James Robinson
500,David Harris
501,Paul Hill
502,Donald Allen
503,Margaret Jackson
504,Donald Martin
505,Linda Scott
506,Margaret Perez
507,Michelle Hernandez
508,Mary Davis
509,Christopher Young
510,Richard White
511,Margaret Martin
512,Nancy Thompson
513,Mark Harris
514,Susan Hill
515,Patricia White
516,Lisa Ramirez
517,Donald Wilson
518,Emily Davis
519,Emily Garcia
520,Jessica Davis
521,Susan Young
522,Donald Lopez
523,Steven Harris
524,Karen Walker
525,Nancy Young
526,Richard Miller
527,William Anderson
528,Donna Williams
529,Ashley Brown
530,Joseph Ramirez
531,Susan Lopez
532,Emily Brown
533,Elizabeth Moore
534,Andrew Smith
535,Karen Thompson
536,Matthew Thomas
537,Linda Wilson
538,Margaret Hill
539,Sarah Rodriguez
540,Jennifer Gonzalez
541,Paul Perez
542,Charles Moore
543,Susan Perez
544,David Sanchez
545,Linda Martinez
546,Jessica Thompson
547,Barbara Taylor
548,Daniel Lopez
549,Sarah Lopez
550,Thomas Hill
551,Ashley Taylor
552,William Wilson
553,Ashley Wilson
554,Sarah Allen
555,Joshua Jones
556,Christopher Walker
557,Karen Allen
558,James Harris
559,Richard Hill
560,Michael Gonzalez
561,Michelle Lewis
562,Linda Nguyen
563,Donald Brown
564,Elizabeth Harris
565,Michael Smith
566,Thomas Ramirez
567,Michelle Clark
568,Sarah Moore
569,Robert Lopez
570,James Wright
571,Paul Walker
572,Donald King
573,Joshua Lee
574,Emily Moore
575,Robert Torres
576,Anthony Sanchez
577,Steven Lee
578,Daniel White
579,Donald Gonzalez
580,Christopher Hill
581,Sarah Davis
582,Matthew Wilson
583,David Rodriguez
584,Jessica Clark
585,Jennifer Allen
586,Michael Ramirez
587,Jennifer Wilson
588,Jessica Ramirez
589,Joshua Ramirez
590,Andrew Robinson
591,Christopher Lewis
592,Charles Rodriguez
593,Charles Ramirez
594,Emily Nguyen
595,Jennifer Torres
596,Elizabeth Thompson
597,Andrew Jones
598,Joshua Torres
599,Mark Jones
600,Linda Clark
601,James White
602,Emily Flores
603,Daniel Scott
604,William Rodriguez
605,Andrew Garcia
606,Elizabeth Ramirez
607,Karen Sanchez
608,Richard Lopez
609,Karen King
610,John Williams
611,Steven Martin
612,Sarah Smith
613,Andrew Perez
614,Sarah Flores
615,Jessica Martin
616,Emily Wright
617,Matthew Lee
618,Matthew Ramirez
619,Sarah Thompson
620,Mark Thomas
621,Mark Wilson
622,Donna Thompson
623,David Anderson
624,Paul Lewis
625,Linda Robinson
626,Mary Robinson
627,Robert Anderson
628,Paul Davis
629,Barbara Lopez
630,Sandra Brown
631,Ashley Martin
632,Daniel Gonzalez
633,Michelle Lopez
634,Lisa Garcia
635,Michelle Perez
636,Charles Jones
637,Robert Rodriguez
638,Barbara Miller
639,John Wilson
640,Michael King
641,Lisa Lopez
642,Linda Wright
643,Patricia Scott
644,Michelle Wilson
645,Michael Scott
646,Christopher Lopez
647,Sandra Rodriguez
648,Matthew Hill
649,David Lopez
650,Jennifer Perez
651,Donna Young
652,Elizabeth Martin
653,Daniel Johnson
654,Joshua Rodriguez
655,Christopher Thompson
656,Matthew Jones
657,Betty Hernandez
658,Michelle Robinson
659,Donna Lopez
660,Patricia Davis
661,Jennifer Clark
662,Susan Moore
663,Barbara Jones
664,Karen Williams
665,Daniel Jones
666,Michael Nguyen
667,Richard Smith
668,Michael Moore
669,Joshua Thompson
670,Linda Sanchez
671,James Nguyen
672,Sandra Nguyen
673,Matthew Martin
674,Robert Taylor
675,Kimberly Rodriguez
676,Sandra Sanchez
677,Linda Perez
678,Jennifer Jackson
679,William Young
680,Thomas Miller
681,John White
682,David Lee
683,Nancy Perez
684,William Smith
685,Donald Young
686,Linda Moore
687,Michael Rodriguez
688,Lisa Allen
689,Richard Brown
690,Ashley Scott
691,Ashley Moore
692,James Jackson
693,Anthony Hill
694,Joshua Lopez
695,Michelle Harris
696,Mark Sanchez
697,Christopher Gonzalez
698,Sandra Anderson
699,Christopher Rodriguez
700,Donna Anderson
701,Richard Ramirez
702,Christopher Johnson
703,Lisa Anderson
704,Michael Johnson
705,Barbara Thompson
706,James Rodriguez
707,Nancy Jackson
708,Susan Jackson
709,Margaret Taylor
710,Robert White
711,Jessica Rodriguez
712,David Taylor
713,Matthew Allen
714,Daniel Torres
715,Nancy Garcia
716,Robert Clark
717,Anthony Perez
718,Emily Smith
719,Charles Nguyen
720,Sarah Harris
721,Barbara Scott
722,Barbara Torres
723,Betty Sanchez
724,John Taylor
725,Thomas Thomas
726,Richard Moore
727,Karen Hernandez
728,Nancy Moore
729,Joseph Garcia
730,Daniel Rodriguez
731,Daniel King
732,Susan Rodriguez
733,Susan Jones
734,Margaret Davis
735,Lisa Hill
736,Michelle Thompson
737,Christopher Hernandez
738,Sarah Wilson
739,Paul Martin
740,Robert Allen
741,Michael Hernandez
742,Richard Anderson
743,Thomas Lee
744,Sarah Miller
745,Jessica Wilson
746,Jessica Young
747,William Allen
748,Margaret Rodriguez
749,Kimberly Ramirez
750,Elizabeth Robinson
751,Betty Lee
752,Andrew Wilson
753,Donna Perez
754,Joshua Lewis
755,Kimberly King
756,David Walker
757,Barbara Gonzalez
758,Charles King
759,Daniel Smith
760,Paul King
761,Mark Rodriguez
762,"James King,Lisa Lewis"
763,Matthew King
764,John Jones
765,Andrew Lee
766,Kimberly Wilson
767,Christopher Williams
768,Andrew Miller
769,Steven Wilson
770,Jennifer Anderson
771,Kimberly Scott
772,Joseph Flores
773,Kimberly Lee
774,Susan Allen
775,Steven Nguyen
776,Nancy Lopez
777,Anthony Lopez
778,Linda Thompson
779,Michelle Moore
780,Anthony Johnson
781,Betty Williams
782,Elizabeth Perez
783,Margaret Scott
784,Charles Lopez
785,Kimberly Martin
786,Michelle Lee
787,Anthony Thompson
788,Betty Smith
789,Charles Martinez
790,William Hill
791,Betty Lopez
792,Nancy Hernandez
793,David Young
794,Betty Robinson
795,Christopher White
796,John Harris
797,Barbara Martin
798,Mark Martin
799,Richard Rodriguez
800,Mary Nguyen
801,Mary Harris
802,Betty Wilson
803,Robert Walker
804,Nancy Taylor
805,Charles Sanchez
806,Kimberly Nguyen
807,Patricia Smith
808,John Hill
809,Patricia Johnson
810,Paul Williams
811,Donna Thomas
812,John Anderson
813,Matthew Garcia
814,Joshua Brown
815,Steven Robinson
816,William Jackson
817,Charles Smith
818,Mark Thompson
819,Linda Ramirez
820,William Flores
821,Patricia Young
822,Christopher Taylor
823,Sandra Moore
824,Lisa Martin
825,Andrew Scott
826,Kimberly Sanchez
827,Barbara White
828,Nancy Hill
829,Andrew Young
830,Matthew Torres
831,Karen White
832,Steven Williams
833,Daniel Ramirez
834,Donna Taylor
835,Joseph Moore
836,Donna Jackson
837,Christopher Sanchez
838,Paul Sanchez
839,Jessica Lopez
840,Donald Smith
841,Susan Brown
842,James Brown
843,Donald Anderson
844,Paul Wright
845,Emily Lewis
846,Nancy Thomas
847,Jessica Smith
848,Mary Taylor
849,Linda Anderson
850,Nancy King
851,Donna Lewis
852,Robert Sanchez
