employee_id,employee_name,employee_start_date,employment_status,termination_date
1,Daniel Williams,,active,
2,Joshua Gonzalez,,active,
3,Lisa Jones,,active,
4,Charles Martin,,active,
5,Richard Rodriguez,,active,
6,Joseph White,,active,
7,James Garcia,,active,
8,Kimberly Martinez,,active,
9,William Walker,,active,
10,Betty Scott,,active,
11,Margaret Williams,,active,
12,Mary Brown,,active,
13,Linda Thompson,,active,
14,Richard Young,,active,
15,Jennifer Moore,,active,
16,Linda Taylor,,active,
17,Linda Thomas,,active,
18,Christopher Thompson,,active,
19,Joshua Smith,,active,
20,Karen Clark,,active,
21,Joseph Hernandez,,active,
22,Mark Moore,,active,
23,Elizabeth Garcia,,active,
24,Elizabeth Miller,,active,
25,Matthew Robinson,,active,
26,Charles Miller,,active,
27,Linda Davis,,active,
28,Sandra Martin,,active,
29,Lisa Scott,,active,
30,Matthew Williams,,active,
31,Steven Lewis,,active,
32,Jessica Robinson,,active,
33,Charles Hernandez,,active,
34,Michelle Lewis,,active,
35,Lisa King,,active,
36,Sarah Sanchez,,active,
37,Charles Walker,,active,
38,Betty Brown,,active,
39,Christopher Perez,,active,
40,Nancy Thomas,,active,
41,Matthew King,,active,
42,Michelle Thomas,,active,
43,Linda Young,,active,
44,Jessica Jackson,,active,
45,Sarah Robinson,,active,
46,Sarah Torres,,active,
47,Joshua Miller,,active,
48,Sarah Lee,,active,
49,James Martinez,,active,
50,Lisa Gonzalez,,active,
51,Michelle Clark,,active,
52,Richard Wright,,active,
53,Mark Wright,,active,
54,Matthew Scott,,active,
55,Jennifer Martin,,active,
56,John Johnson,,active,
57,Betty Young,,active,
58,William Nguyen,,active,
59,Mark Robinson,,active,
60,Joseph Jackson,,active,
61,Donna Flores,,active,
62,Sandra Young,,active,
63,Daniel Lopez,,active,
64,Matthew Smith,,active,
65,Charles Anderson,,active,
66,Lisa Williams,,active,
67,Donald Torres,,active,
68,Mark Perez,,active,
69,Robert Gonzalez,,active,
70,Susan Lopez,,active,
71,John Walker,,active,
72,David Lewis,,active,
73,John Flores,,active,
74,Daniel Perez,,active,
75,Daniel Davis,,active,
76,Daniel Taylor,,active,
77,Barbara Smith,,terminated,
78,Daniel Flores,,active,
79,Kimberly Smith,,active,
80,Mary Gonzalez,,active,
81,James Clark,,active,
82,James Taylor,,active,
83,Sarah Flores,,active,
84,Kimberly Brown,,active,
85,Mary Flores,,active,
86,Joshua Nguyen,,active,
87,Mary Williams,,active,
88,Joshua Taylor,,active,
89,Steven Nguyen,,active,
90,Matthew Lopez,,active,
91,Jessica Torres,,active,
92,Margaret Flores,,active,
93,Nancy Wright,,active,
94,Joseph Gonzalez,,active,
95,Anthony Miller,,active,
96,Jessica Scott,,active,
97,Daniel Harris,,active,
98,Emily Clark,,active,
99,Michael Wilson,,active,
100,Emily Martin,,active,
101,Andrew Jackson,,active,
102,Steven Lee,,active,
103,Anthony Martinez,,active,
104,Steven Jones,,active,
105,Mary White,,active,
106,Robert Jones,,active,
107,Daniel Wilson,,active,
108,Steven Garcia,,active,
109,Michael Sanchez,,active,
110,Steven Flores,,active,
111,Jessica White,,active,
112,David Torres,,active,
113,Donald Thompson,,active,
114,Nancy Sanchez,,active,
115,David Allen,,active,
116,Susan Walker,,active,
117,Lisa Taylor,,active,
118,Mary Jones,,active,
119,Susan Wilson,,active,
120,Michael Ramirez,,active,
121,Sandra Smith,,active,
122,Jessica Lee,,active,
123,Linda King,,active,
124,William White,,active,
125,Kimberly Garcia,,active,
126,Kimberly Hill,,active,
127,Sarah King,,active,
128,Patricia Flores,,active,
129,Daniel Brown,,active,
130,Robert Lewis,,active,
131,Karen Johnson,,active,
132,Joshua Thompson,,active,
133,Jessica Perez,,active,
134,Steven King,,active,
135,Richard Jackson,,active,
136,Jessica Hernandez,,active,
137,Patricia Martinez,,active,
138,Paul Thomas,,active,
139,Margaret Garcia,,active,
140,Robert Thompson,,active,
141,Margaret Martinez,,active,
142,Charles Torres,,active,
143,Lisa Rodriguez,,active,
144,Paul Johnson,,active,
145,Susan Nguyen,,active,
146,Nancy Taylor,,active,
147,Sandra Walker,,active,
148,Robert Allen,,active,
149,Donna Moore,,active,
150,Andrew Lewis,,active,
151,John Williams,,active,
152,Michelle Miller,,active,
153,Kimberly Williams,,active,
154,Donald Jackson,,active,
155,Charles White,,active,
156,Robert Taylor,,active,
157,David Harris,,active,
158,Sandra Anderson,,active,
159,Matthew Hill,,active,
160,Anthony Martin,,active,
161,Jessica Lewis,,active,
162,Joseph Wilson,,active,
163,Matthew Torres,,active,
164,Jennifer Smith,,active,
165,Christopher Lee,,active,
166,Anthony Lewis,,active,
167,Daniel Wright,,active,
168,Sarah Martin,,active,
169,Lisa Hernandez,,active,
170,Anthony Wright,,active,
171,Michelle Lee,,active,
172,Thomas Martinez,,active,
173,Margaret Gonzalez,,active,
174,Ashley Martinez,,active,
175,Susan Wright,,active,
176,Sandra Lewis,,active,
177,Charles Scott,,active,
178,Christopher Robinson,,active,
179,Donald Scott,,active,
180,Elizabeth Ramirez,,active,
181,Paul Garcia,,active,
182,Ashley Thomas,,active,
183,John Jones,,active,
184,Margaret Moore,,active,
185,William Flores,,active,
186,Christopher Gonzalez,,active,
187,Nancy White,,active,
188,Paul Williams,,active,
189,Steven Rodriguez,,active,
190,Michelle Gonzalez,,active,
191,Daniel Miller,,active,
192,Betty Perez,,active,
193,David Rodriguez,,active,
194,Joseph Sanchez,,active,
195,Mary Lee,,active,
196,Paul Miller,,active,
197,Donna Wright,,active,
198,Anthony Williams,,active,
199,Matthew Hernandez,,active,
200,James Lopez,,active,
201,Sandra Jackson,,active,
202,David Garcia,,active,
203,Richard Nguyen,,active,
204,Sandra Johnson,,active,
205,Betty Garcia,,active,
206,Elizabeth Wright,,active,
207,Charles Moore,,active,
208,Anthony Lee,,active,
209,Paul Clark,,active,
210,Nancy Perez,,active,
211,Betty Lewis,,active,
212,Michelle Davis,,active,
213,Emily Miller,,active,
214,Lisa Wright,,active,
215,Andrew Walker,,active,
216,Mary Thompson,,active,
217,Donna Ramirez,,active,
218,Kimberly Young,,active,
219,Donna Thompson,,active,
220,Michelle Taylor,,active,
221,Michelle Torres,,active,
222,Linda Rodriguez,,active,
223,William Lopez,,active,
224,Michael Wright,,active,
225,Joseph Rodriguez,,active,
226,Margaret King,,active,
227,Kimberly Thomas,,active,
228,Richard Walker,,active,
229,Mark Wilson,,active,
230,Michelle Brown,,active,
231,Patricia Wright,,active,
232,Elizabeth Lopez,,active,
233,Joseph Young,,active,
234,Nancy Lewis,,active,
235,Joshua Davis,,active,
236,Donald Thomas,,active,
237,David King,,active,
238,John Lewis,,active,
239,Betty Anderson,,active,
240,Christopher Thomas,,active,
241,John Wright,,active,
242,Daniel Allen,,active,
243,Steven Moore,,active,
244,Anthony Anderson,,active,
245,Donald Ramirez,,active,
246,Donald Garcia,,active,
247,Charles Brown,,active,
248,Mary Hernandez,,active,
249,Andrew Johnson,,active,
250,David Clark,,active,
251,Elizabeth Allen,,active,
252,Sandra Clark,,active,
253,Thomas Harris,,active,
254,William Gonzalez,,active,
255,Ashley Young,,active,
256,Mary Rodriguez,,active,
257,"Margaret Hill,Lisa Williams",,active,
258,Steven Walker,,active,
259,Joshua Wilson,,active,
260,Patricia Lopez,,active,
261,Susan Martin,,active,
262,Andrew Williams,,active,
263,Linda Allen,,active,
264,David Scott,,active,
265,Joseph Perez,,active,
266,Matthew Gonzalez,,active,
267,Susan White,,active,
268,Jennifer Harris,,active,
269,Mary Jackson,,active,
270,Christopher Brown,,active,
271,Christopher Torres,,active,
272,Anthony Clark,,active,
273,Sandra Taylor,,active,
274,Betty Nguyen,,active,
275,Robert Moore,,active,
276,Lisa Sanchez,,active,
277,Nancy Scott,,active,
278,Jennifer Miller,,active,
279,Lisa Jackson,,active,
280,Michael Martin,,active,
281,Matthew White,,active,
282,Betty Harris,,active,
283,Matthew Sanchez,,active,
284,Mark Taylor,,active,
285,Michael Allen,,active,
286,David Gonzalez,,active,
287,Matthew Clark,,active,
288,Elizabeth Nguyen,,active,
289,Donna Brown,,active,
290,Mark Hernandez,,active,
291,Mary Lewis,,active,
292,Betty Jackson,,active,
293,Joshua Wright,,active,
294,Paul Wright,,active,
295,Donald Robinson,,active,
296,Andrew King,,active,
297,Betty Johnson,,active,
298,Karen Sanchez,,active,
299,Emily Nguyen,,active,
300,Joshua White,,active,
301,John Torres,,active,
302,Linda Jones,,active,
303,Donald Harris,,active,
304,Mary Davis,,active,
305,Lisa Ramirez,,active,
306,Richard Scott,,active,
307,Mark King,,active,
308,Christopher Sanchez,,active,
309,Karen Taylor,,active,
310,Steven White,,active,
311,Christopher Nguyen,,active,
312,James Smith,,active,
313,Sarah Moore,,active,
314,Joshua Allen,,active,
315,Donna Allen,,active,
316,Sarah Thomas,,active,
317,Christopher Rodriguez,,active,
318,Anthony Walker,,active,
319,William Allen,,active,
320,Jennifer Brown,,active,
321,Donna Martin,,active,
322,Nancy Nguyen,,active,
323,Thomas Lopez,,active,
324,Michael Clark,,active,
325,Ashley Hill,,active,
326,Donna Scott,,active,
327,Margaret Rodriguez,,active,
328,Elizabeth Wilson,,active,
329,Elizabeth Robinson,,active,
330,Lisa Smith,,active,
331,Matthew Nguyen,,active,
332,Ashley Wilson,,active,
333,Michael Gonzalez,,active,
334,Thomas Taylor,,active,
335,Emily Brown,,active,
336,Michael Lewis,,active,
337,Steven Ramirez,,active,
338,Susan Miller,,active,
339,Barbara Sanchez,,active,
340,Michael Lee,,active,
341,Kimberly Sanchez,,active,
342,Mark Anderson,,active,
343,Susan Ramirez,,active,
344,Thomas Jackson,,active,
345,Elizabeth Williams,,active,
346,Joshua King,,active,
347,Ashley Miller,,active,
348,Donna Perez,,active,
349,Michael Johnson,,active,
350,Jennifer Williams,,terminated,
351,Linda Flores,,active,
352,Elizabeth Scott,,active,
353,Robert Miller,,active,
354,Sandra Harris,,active,
355,Sarah Lewis,,active,
356,Donald Hill,,active,
357,Nancy Walker,,active,
358,Donald Rodriguez,,active,
359,Steven Johnson,,active,
360,Robert Young,,active,
361,Paul Lewis,,active,
362,Michelle Smith,,active,
363,Barbara Robinson,,active,
364,Richard Davis,,active,
365,Patricia Wilson,,active,
366,Jessica Garcia,,active,
367,Margaret Thompson,,active,
368,Joseph Thomas,,active,
369,Ashley Lopez,,active,
370,Andrew Wright,,active,
371,Thomas Smith,,active,
372,Jennifer Young,,active,
373,Matthew Perez,,active,
374,Joshua Jackson,,active,
375,Kimberly Wright,,active,
376,Donald King,,active,
377,Mark Lewis,,active,
378,Jessica Taylor,,active,
379,Paul Lee,,active,
380,Elizabeth Davis,,active,
381,Matthew Lewis,,active,
382,Michelle Wright,,active,
383,Lisa Wilson,,active,
384,Kimberly Robinson,,active,
385,Ashley Lewis,,active,
386,Ashley White,,active,
387,Thomas Thompson,,active,
388,Joseph Nguyen,,active,
389,Mark Ramirez,,active,
390,Thomas Hernandez,,active,
391,Susan Scott,,active,
392,Donald Lee,,active,
393,Jennifer Scott,,active,
394,Joshua Garcia,,active,
395,John Jackson,,active,
396,Patricia Allen,,active,
397,Emily King,,active,
398,Patricia Ramirez,,active,
399,John Martin,,active,
400,Susan Sanchez,,active,
401,Ashley Flores,,active,
402,Thomas Scott,,active,
403,David Martin,,active,
404,Richard Robinson,,active,
405,Joseph Allen,,active,
406,Christopher Martinez,,active,
407,John Davis,,active,
408,Paul Taylor,,active,
409,Andrew Flores,,active,
410,Andrew Thompson,,active,
411,Sarah Gonzalez,,active,
412,Anthony Allen,,active,
413,Donald Sanchez,,active,
414,Patricia Thompson,,active,
415,David Hill,,active,
416,Michael Taylor,,active,
417,Lisa Davis,,active,
418,Donald Miller,,active,
419,Christopher Clark,,active,
420,Anthony Robinson,,active,
421,Andrew Taylor,,active,
422,Joseph Scott,,active,
423,Sandra Ramirez,,active,
424,Jessica Williams,,active,
425,Richard Gonzalez,,active,
426,Charles Davis,,active,
427,William Jones,,active,
428,Elizabeth Sanchez,,active,
429,Robert Garcia,,active,
430,Jennifer Davis,,active,
431,Richard Lewis,,active,
432,Mark Clark,,active,
433,Thomas Wilson,,active,
434,Sandra Lopez,,active,
435,Donna Torres,,active,
436,Paul Torres,,active,
437,Daniel Garcia,,active,
438,Elizabeth Jones,,active,
439,Karen Ramirez,,active,
440,Sarah Garcia,,active,
441,Joshua Williams,,active,
442,Matthew Flores,,active,
443,Elizabeth Taylor,,active,
444,Emily Lopez,,active,
445,Charles Williams,,active,
446,Joseph Martinez,,active,
447,Jennifer Jackson,,active,
448,Jennifer Johnson,,active,
449,Mary Harris,,active,
450,Matthew Jackson,,active,
451,Richard Jones,,active,
452,David Hernandez,,active,
453,Linda Moore,,active,
454,Emily Torres,,active,
455,Barbara Thomas,,active,
456,Betty Miller,,active,
457,Jennifer Gonzalez,,active,
458,Steven Brown,,active,
459,Michael Hill,,active,
460,Karen Wilson,,active,
461,Betty Martinez,,active,
462,Thomas Anderson,,active,
463,Barbara Gonzalez,,active,
464,Steven Allen,,active,
465,Donna Miller,,active,
466,Donna Harris,,active,
467,Mark Walker,,active,
468,James Jackson,,active,
469,Emily Wright,,active,
470,Donna Jones,,active,
471,James Walker,,active,
472,William Scott,,active,
473,Margaret Hill,,active,
474,Sarah Perez,,active,
475,Daniel Torres,,active,
476,Jennifer Hernandez,,active,
477,Thomas Walker,,active,
478,James White,,active,
479,Michael Jackson,,active,
480,Susan Young,,terminated,
481,Margaret Rodriguez,,terminated,
482,Richard Harris,,terminated,
483,John Thomas,,terminated,
484,Steven Brown,,terminated,
485,Elizabeth Smith,,active,
486,Sarah Jones,,active,
487,Jessica Sanchez,,active,
488,Anthony Gonzalez,,active,
489,Nancy Hernandez,,active,
490,Donald Moore,,active,
491,Kimberly Flores,,active,
492,Betty Davis,,active,
493,Joshua Anderson,,active,
494,John King,,active,
495,Robert Davis,,active,
496,Linda Scott,,active,
497,Nancy Garcia,,active,
498,Margaret Jones,,terminated,
499,John Davis,,terminated,
500,Nancy Williams,,active,
501,Linda Martinez,,active,
502,Joseph Walker,,active,
503,Richard Thompson,,active,
504,Margaret Ramirez,,active,
505,Christopher Anderson,,active,
506,Christopher Lopez,,active,
507,Susan Young,,active,
508,Karen Miller,,active,
509,Daniel Anderson,,active,
510,Richard Martinez,,active,
511,Ashley Williams,,active,
512,Nancy Lee,,active,
513,Sandra Wright,,active,
514,Robert Scott,,active,
515,Betty Torres,,active,
516,Sandra Wright,,terminated,
517,Sarah Brown,,active,
518,Anthony Taylor,,active,
519,James Clark,,terminated,
520,Betty Torres,,terminated,
521,Margaret Sanchez,,active,
522,Robert Jackson,,active,
523,Steven Wright,,active,
524,Matthew Moore,,active,
525,Betty Lopez,,active,
526,Emily Perez,,active,
527,Karen Gonzalez,,active,
528,Christopher Ramirez,,active,
529,Charles Hill,,active,
530,Donald Martinez,,active,
531,Michelle Sanchez,,active,
532,Barbara Flores,,active,
533,Kimberly Hernandez,,active,
534,Barbara Martinez,,active,
535,Mary Martin,,active,
536,Daniel Nguyen,,active,
537,Sarah Hill,,active,
538,Joshua Miller,,terminated,
539,David Lee,,active,
540,Sandra Rodriguez,,active,
541,Kimberly Taylor,,active,
542,James Miller,,active,
543,Joseph Williams,,active,
544,Nancy Lopez,,active,
545,Kimberly Johnson,,active,
546,Jessica Martinez,,active,
547,Michael King,,active,
548,William Lee,,active,
549,Matthew Thompson,,active,
550,Linda Wright,,active,
551,Margaret Lopez,,active,
552,Mary Garcia,,active,
553,Linda Torres,,active,
554,Linda Garcia,,active,
555,James Scott,,active,
556,Karen Walker,,active,
557,Mark Nguyen,,active,
558,Joseph Jones,,active,
559,James Martin,,active,
560,Jessica Clark,,active,
561,Thomas Allen,,active,
562,Karen Thomas,,active,
563,Michelle Wilson,,active,
564,Mark Smith,,active,
565,Ashley Wright,,active,
566,Elizabeth Hill,,active,
567,Karen Harris,,active,
568,Sarah Wilson,,active,
569,Paul Nguyen,,active,
570,Linda Smith,,active,
571,Joseph Jones,,terminated,
572,Kimberly Young,,terminated,
573,Elizabeth Sanchez,,terminated,
574,Andrew Rodriguez,,active,
575,Joshua Moore,,terminated,
576,Thomas White,,active,
577,Ashley Scott,,active,
578,Kimberly Lee,,active,
579,Mary Clark,,active,
580,Barbara Johnson,,active,
581,Margaret Jackson,,active,
582,Sandra Lee,,active,
583,Betty Thomas,,active,
584,Elizabeth Brown,,active,
585,William Johnson,,active,
586,Michelle Williams,,active,
587,Andrew Smith,,active,
588,Margaret Davis,,active,
589,Lisa Moore,,active,
590,Karen Jackson,,active,
591,Patricia Scott,,active,
592,Michael Brown,,active,
593,Andrew Scott,,active,
594,Nancy Jones,,active,
595,Linda Martin,,active,
596,Mark Young,,active,
597,Robert Sanchez,,active,
598,Richard Perez,,active,
599,Michelle Allen,,active,
600,William Thomas,,active,
601,John Ramirez,,active,
602,Linda Scott,,terminated,
603,Sandra Thomas,,terminated,
604,Ashley Johnson,,terminated,
605,Susan Brown,,active,
606,David Robinson,,active,
607,Daniel Hernandez,,active,
608,William Wilson,,active,
609,Lisa Lee,,active,
610,Charles Perez,,active,
611,Donna Robinson,,active,
612,Sarah Wright,,active,
613,Robert Brown,,active,
614,Linda Ramirez,,active,
615,Mark White,,active,
616,Michelle Flores,,active,
617,Susan Thomas,,active,
618,Sandra Martinez,,active,
619,Barbara Anderson,,active,
620,Michelle Martin,,active,
621,Michelle White,,active,
622,Steven Smith,,active,
623,Daniel White,,active,
624,Sandra Flores,,active,
625,Jessica Allen,,active,
626,Charles Wright,,active,
627,Jennifer Garcia,,active,
628,William Hill,,active,
629,Michelle Jones,,active,
630,Mary Thomas,,active,
631,Lisa Walker,,active,
632,Paul Jones,,active,
633,Barbara Jackson,,active,
634,Ashley Perez,,active,
635,Kimberly Jones,,active,
636,Emily Anderson,,active,
637,William Jackson,,active,
638,Kimberly Lewis,,active,
639,Joshua Moore,,active,
640,Anthony Young,,active,
641,Emily Harris,,active,
642,Anthony Garcia,,active,
643,Robert Davis,,terminated,
644,Mary Nguyen,,terminated,
645,Lisa Brown,,active,
646,Jennifer Clark,,active,
647,Elizabeth Gonzalez,,active,
648,Susan Martinez,,active,
649,Mark Allen,,active,
650,Sarah Hernandez,,active,
651,Anthony Wilson,,active,
652,Sandra Hill,,active,
653,Linda Sanchez,,active,
654,Anthony Jones,,active,
655,Michelle Scott,,active,
656,Jessica Jones,,active,
657,Andrew Sanchez,,active,
658,Matthew Allen,,active,
659,Barbara Clark,,active,
660,John Thomas,,active,
661,Betty Rodriguez,,active,
662,Charles Sanchez,,active,
663,Charles Lewis,,active,
664,James Sanchez,,active,
665,Elizabeth Thomas,,active,
666,Nancy Flores,,active,
667,Jennifer Hill,,active,
668,Nancy Martin,,active,
669,Emily Jones,,active,
670,Thomas Williams,,active,
671,Joshua Perez,,active,
672,David Wright,,active,
673,Andrew Gonzalez,,active,
674,Susan Hernandez,,active,
675,James Gonzalez,,active,
676,Daniel Scott,,terminated,
677,William Davis,,terminated,
678,Joseph Hill,,active,
679,Mark Harris,,active,
680,Thomas Johnson,,active,
681,Mark Brown,,active,
682,Jennifer Williams,,active,
683,Joshua Hernandez,,active,
684,Michelle Johnson,,active,
685,Linda Walker,,active,
686,Sandra Allen,,active,
687,Mary Robinson,,active,
688,Steven Anderson,,active,
689,Sandra Scott,,active,
690,Michelle Anderson,,active,
691,Matthew Jones,,active,
692,Michelle Hill,,active,
693,Susan Jones,,active,
694,Steven Sanchez,,active,
695,William Thompson,,active,
696,Joseph Harris,,active,
697,Ashley Ramirez,,active,
698,Kimberly Torres,,active,
699,Christopher Moore,,active,
700,Susan Williams,,active,
701,Betty Hill,,active,
702,Jennifer Flores,,active,
703,Mark Sanchez,,active,
704,James Thomas,,active,
705,Anthony White,,active,
706,Thomas Garcia,,active,
707,Andrew Wilson,,active,
708,Nancy Smith,,active,
709,Betty Walker,,active,
710,Elizabeth Walker,,active,
711,William Wright,,active,
712,Jessica Thomas,,active,
713,Kimberly Allen,,active,
714,Patricia Rodriguez,,active,
715,Paul Robinson,,active,
716,Sarah Scott,,active,
717,Donna Nguyen,,active,
718,Anthony Davis,,active,
719,Mark Gonzalez,,active,
720,Richard Johnson,,active,
721,Michael Martinez,,active,
722,James Davis,,active,
723,Michelle Gonzalez,,inactive,
724,Kimberly Davis,,active,
725,Joseph Wright,,active,
726,Lisa Clark,,active,
727,Joseph Smith,,active,
728,John Sanchez,,active,
729,Robert Thomas,,active,
730,Nancy Torres,,active,
731,Barbara Garcia,,active,
732,Donna Garcia,,active,
733,Elizabeth Jackson,,active,
734,Karen Brown,,active,
735,Andrew Davis,,active,
736,Daniel Walker,,active,
737,Andrew White,,active,
738,Barbara Taylor,,active,
739,Christopher Walker,,active,
740,Margaret Scott,,active,
741,Nancy Anderson,,active,
742,Sarah Nguyen,,active,
743,Jessica Nguyen,,active,
744,Paul Anderson,,active,
745,Paul Jackson,,active,
746,Joseph Martin,,active,
747,Robert Flores,,active,
748,Emily Taylor,,active,
749,Donald Brown,,active,
750,Joshua Lewis,,active,
751,Linda Hernandez,,active,
752,Joseph Johnson,,active,
753,Steven Robinson,,active,
754,Matthew Martinez,,active,
755,Andrew Torres,,active,
756,William Perez,,active,
757,Steven Davis,,active,
758,Joshua Young,,active,
759,Thomas Moore,,active,
760,Matthew Wright,,active,
761,Lisa Torres,,active,
762,Margaret Lee,,active,
763,Margaret Martin,,active,
764,Ashley Sanchez,,active,
765,Donald Hill,,terminated,
766,Paul Allen,,active,
767,Jessica Martin,,active,
768,Barbara Perez,,active,
769,Donald Wright,,active,
770,Betty Robinson,,active,
771,Ashley Hernandez,,active,
772,Christopher Taylor,,active,
773,Charles Young,,active,
774,Andrew Robinson,,active,
775,Susan Wright,,terminated,
776,Ashley Hernandez,,terminated,
777,Donald Robinson,,terminated,
778,Joseph Lopez,,terminated,
779,Matthew Davis,,active,
780,Donald Perez,,active,
781,Christopher Young,,active,
782,Charles Allen,,active,
783,Matthew Brown,,active,
784,Andrew Moore,,active,
785,Mark Torres,,active,
786,Michelle Rodriguez,,active,
787,Emily Ramirez,,active,
788,Richard Thomas,,terminated,
789,Anthony Scott,,active,
790,Christopher Robinson,,terminated,
791,Emily Young,,active,
792,Anthony Lewis,,terminated,
793,Robert Clark,,active,
794,Thomas Gonzalez,,active,
795,Joshua Harris,,active,
796,Joseph Thompson,,active,
797,Daniel Flores,,terminated,
798,Daniel Davis,,terminated,
799,Daniel Hill,,active,
800,John Lee,,active,
801,Thomas Nguyen,,active,
802,Kimberly Jackson,,active,
803,Donald Young,,active,
804,Nancy Wilson,,active,
805,Susan Flores,,active,
806,Joseph Lopez,,active,
807,Barbara Hernandez,,active,
808,Christopher Flores,,active,
809,Sarah Williams,,active,
810,John White,,active,
811,Margaret Jones,,active,
812,Sarah Anderson,,active,
813,Margaret Johnson,,active,
814,Michael Harris,,active,
815,Emily Walker,,active,
816,Michael Hernandez,,active,
817,Elizabeth Taylor,,terminated,
818,Mary Lopez,,active,
819,Charles Jackson,,active,
820,Susan Jackson,,active,
821,Christopher Davis,,active,
822,Margaret Young,,active,
823,Donald Jones,,active,
824,Anthony Brown,,active,
825,Lisa Garcia,,active,
826,Barbara Allen,,active,
827,Joshua Garcia,,terminated,
828,Daniel Martin,,terminated,
829,Mary Walker,,terminated,
830,Matthew Martin,,active,
831,Kimberly Martin,,active,
832,Joshua Scott,,active,
833,Kimberly Scott,,active,
834,Christopher Lewis,,active,
835,Andrew Nguyen,,active,
836,Patricia Lewis,,active,
837,Michelle Thompson,,active,
838,Emily Martinez,,active,
839,David Nguyen,,active,
840,Joseph Anderson,,active,
841,Michael Jones,,active,
842,Barbara Davis,,active,
843,John Harris,,active,
844,Paul Moore,,active,
845,Susan Garcia,,active,
846,Thomas Robinson,,active,
847,Karen Hill,,active,
848,Robert Perez,,active,
849,Paul Scott,,active,
850,Andrew Allen,,active,
851,Thomas Flores,,active,
852,Jennifer Lewis,,active,
853,Susan Smith,,active,
854,David White,,active,
855,Betty Wright,,active,
856,John Young,,active,
857,David Walker,,active,
858,Patricia Garcia,,active,
859,Margaret Perez,,active,
860,Paul Flores,,active,
861,Paul White,,active,
862,Donna King,,active,
863,Michelle Jackson,,active,
864,Sandra Wilson,,active,
865,William Davis,,active,
866,Matthew Wilson,,active,
867,Elizabeth Torres,,active,
868,James Lewis,,terminated,
869,Linda Garcia,,terminated,
870,Karen Perez,,terminated,
871,Matthew Harris,,active,
872,James Lewis,,active,
873,Steven Martinez,,active,
874,Nancy Johnson,,active,
875,Andrew Harris,,active,
876,Steven Hill,,active,
877,James Lee,,active,
878,Mary Scott,,active,
879,Patricia King,,active,
880,Joseph Davis,,active,
881,Michael White,,active,
882,John Miller,,active,
883,Margaret Allen,,active,
884,James Robinson,,active,
885,Michelle Young,,active,
886,David Brown,,active,
887,Kimberly Lewis,,terminated,
888,Karen Wilson,,terminated,
889,Paul Hill,,active,
890,Kimberly King,,active,
891,Jennifer Martinez,,active,
892,Andrew Martinez,,active,
893,Mark Garcia,,active,
894,Michelle Hernandez,,active,
895,David Lopez,,active,
896,Lisa Lewis,,active,
897,Andrew Clark,,terminated,
898,Susan Perez,,active,
899,Nancy Thompson,,active,
900,Linda Harris,,active,
901,Joshua Rodriguez,,terminated,
902,Joshua Williams,,terminated,
903,Michelle Flores,,terminated,
904,Karen Garcia,,active,
905,Richard Martin,,active,
906,Charles Taylor,,active,
907,Ashley Torres,,active,
908,Nancy Williams,,terminated,
909,Linda Smith,,terminated,
910,Emily Miller,,terminated,
911,Nancy Wilson,,terminated,
912,Steven Harris,,active,
913,Thomas Rodriguez,,active,
914,Jessica Davis,,active,
915,Ashley Lee,,active,
916,Matthew Johnson,,active,
917,Ashley Allen,,active,
918,Elizabeth Martinez,,active,
919,Matthew Thompson,,terminated,
920,Joseph White,,terminated,
921,Steven Harris,,terminated,
922,Karen Sanchez,,terminated,
923,Karen Lewis,,active,
924,Joshua Rodriguez,,active,
925,Ashley Johnson,,active,
926,Margaret Clark,,active,
927,Richard Miller,,active,
928,Richard Taylor,,active,
929,Betty Williams,,active,
930,Donald Wilson,,active,
931,Donna Williams,,active,
932,Karen Torres,,active,
933,Elizabeth White,,active,
934,Ashley Brown,,active,
935,Sarah Davis,,active,
936,Charles Thompson,,active,
937,Christopher Martin,,active,
938,Donald Nguyen,,active,
939,Karen Young,,active,
940,Elizabeth Moore,,active,
941,Christopher Harris,,active,
942,Christopher Smith,,active,
943,Christopher Allen,,active,
944,Robert King,,active,
945,Betty King,,active,
946,Donald Hernandez,,active,
947,Patricia Harris,,active,
948,David Anderson,,active,
949,Christopher Johnson,,active,
950,Donna White,,active,
951,Nancy Clark,,terminated,
952,Margaret Hernandez,,active,
953,Lisa Allen,,active,
954,Emily Sanchez,,active,
955,Andrew Brown,,active,
956,Daniel Robinson,,active,
957,Barbara Lee,,active,
958,James Torres,,active,
959,Jessica Thompson,,active,
960,Ashley Davis,,active,
961,James Anderson,,active,
962,Jennifer Wright,,active,
963,Donald Lewis,,active,
964,Ashley Jackson,,active,
965,Steven Williams,,active,
966,Ashley Garcia,,active,
967,Richard Allen,,active,
968,Daniel Smith,,active,
969,Thomas Hill,,active,
970,Michael Nguyen,,active,
971,Ashley Taylor,,active,
972,Karen Davis,,active,
973,John Allen,,active,
974,Mary Ramirez,,active,
975,Paul Gonzalez,,active,
976,Joshua Jones,,active,
977,Donald Williams,,active,
978,Donna Thomas,,active,
979,Daniel Martin,,active,
980,Richard Lopez,,active,
981,David Young,,active,
982,Daniel Gonzalez,,active,
983,Barbara Miller,,active,
984,Mark Thomas,,active,
985,Daniel Ramirez,,active,
986,David Perez,,active,
987,Jessica Young,,active,
988,James Harris,,active,
989,Karen Allen,,active,
990,Joshua Sanchez,,active,
991,Mary King,,active,
992,Donna Sanchez,,active,
993,Mark Lee,,active,
994,Robert Johnson,,active,
995,Elizabeth Harris,,active,
996,Anthony Young,,terminated,
997,Michael Thompson,,active,
998,Richard Lee,,active,
999,Michael Smith,,active,
1000,Mark Jackson,,active,
1001,Robert Lopez,,active,
1002,James Wright,,active,
1003,Paul Walker,,active,
1004,Karen Moore,,active,
1005,Joshua Lee,,active,
1006,Lisa Robinson,,active,
1007,Emily Moore,,active,
1008,Anthony Sanchez,,active,
1009,John Moore,,active,
1010,Donald Gonzalez,,active,
1011,Joseph Ramirez,,active,
1012,Kimberly Miller,,active,
1013,Karen Flores,,active,
1014,John Wilson,,active,
1015,Donna Walker,,active,
1016,Michelle Ramirez,,active,
1017,Joshua Ramirez,,active,
1018,Betty Smith,,active,
1019,Patricia Nguyen,,active,
1020,Charles Rodriguez,,active,
1021,Robert White,,active,
1022,Daniel King,,active,
1023,Karen Williams,,active,
1024,Elizabeth Thompson,,active,
1025,Anthony Nguyen,,active,
1026,Robert Harris,,active,
1027,Linda Clark,,active,
1028,Mark Jones,,active,
1029,Matthew Thomas,,active,
1030,David Moore,,active,
1031,Richard Hill,,active,
1032,Jennifer Sanchez,,active,
1033,Jessica Brown,,active,
1034,Thomas Ramirez,,active,
1035,Kimberly Walker,,active,
1036,Margaret Nguyen,,active,
1037,Robert Wright,,active,
1038,Andrew Garcia,,active,
1039,Sandra Robinson,,active,
1040,John Taylor,,active,
1041,Steven Hernandez,,active,
1042,Michael Robinson,,active,
1043,Steven Martin,,active,
1044,Sarah Smith,,active,
1045,Andrew Perez,,active,
1046,Matthew Lee,,active,
1047,Matthew Ramirez,,active,
1048,Sarah Thompson,,active,
1049,Linda Robinson,,active,
1050,Robert Anderson,,active,
1051,Paul Davis,,active,
1052,Barbara Lopez,,active,
1053,Sandra Brown,,active,
1054,Ashley Martin,,active,
1055,Michelle Lopez,,active,
1056,Michelle Perez,,active,
1057,Charles Jones,,active,
1058,Mary Smith,,active,
1059,Emily White,,active,
1060,William Anderson,,active,
1061,Anthony Ramirez,,active,
1062,Michael Scott,,active,
1063,Jessica Wright,,active,
1064,Jennifer Hill,,terminated,
1065,Emily Martin,,terminated,
1066,Kimberly Ramirez,,active,
1067,Emily Flores,,active,
1068,Sandra Hernandez,,active,
1069,Daniel Lewis,,active,
1070,Donna Young,,active,
1071,Elizabeth Martin,,active,
1072,Donna Smith,,active,
1073,Daniel Johnson,,active,
1074,Margaret Harris,,active,
1075,Ashley Moore,,active,
1076,Michelle Harris,,active,
1077,Michelle Robinson,,active,
1078,Mark Martin,,active,
1079,Daniel Martinez,,active,
1080,Jennifer Thomas,,active,
1081,Richard Thomas,,active,
1082,Donna Lopez,,active,
1083,Michael Perez,,active,
1084,Susan Moore,,active,
1085,Kimberly Clark,,active,
1086,Barbara Jones,,active,
1087,Richard White,,active,
1088,David Wilson,,active,
1089,Matthew Taylor,,active,
1090,Betty Taylor,,active,
1091,Patricia White,,active,
1092,Andrew Taylor,,terminated,
1093,Sandra Nguyen,,active,
1094,John Martinez,,active,
1095,Kimberly Rodriguez,,active,
1096,William Rodriguez,,active,
1097,William Robinson,,active,
1098,Michael Walker,,terminated,
1099,Susan Flores,,terminated,
1100,Ashley Moore,,terminated,
1101,Charles Thomas,,active,
1102,Mark Scott,,active,
1103,Christopher Jackson,,active,
1104,Patricia Johnson,,active,
1105,Elizabeth Johnson,,active,
1106,Linda Hill,,active,
1107,James Williams,,active,
1108,Mary Wright,,active,
1109,Emily Smith,,active,
1110,Matthew Anderson,,active,
1111,Linda Williams,,active,
1112,Barbara Davis,,terminated,
1113,Linda Moore,,terminated,
1114,Steven Taylor,,active,
1115,Barbara Robinson,,terminated,
1116,Linda Nguyen,,active,
1117,Richard Brown,,active,
1118,Mary Johnson,,active,
1119,Kimberly Perez,,active,
1120,Barbara Smith,,active,
1121,James Hill,,active,
1122,Richard King,,active,
1123,Joshua Brown,,active,
1124,Paul Sanchez,,active,
1125,Karen Lopez,,active,
1126,Michael Walker,,active,
1127,Barbara Harris,,active,
1128,Susan Harris,,active,
1129,Susan Rodriguez,,active,
1130,Richard White,,terminated,
1131,Anthony Hill,,active,
1132,Anthony Harris,,active,
1133,Andrew Miller,,active,
1134,Steven Jackson,,active,
1135,Patricia Wilson,,terminated,
1136,Donna Jones,,terminated,
1137,Andrew Clark,,active,
1138,James Moore,,active,
1139,Patricia Davis,,active,
1140,Daniel Thomas,,active,
1141,Susan Hill,,active,
1142,Richard Torres,,active,
1143,Richard Ramirez,,active,
1144,Daniel Torres,,terminated,
1145,Kimberly Lopez,,active,
1146,Mark Hernandez,,terminated,
1147,Lisa Anderson,,active,
1148,Mary Allen,,terminated,
1149,Daniel Jones,,active,
1150,Daniel Rodriguez,,active,
1151,Barbara Thompson,,active,
1152,Sarah Martinez,,active,
1153,Lisa Harris,,active,
1154,Barbara Martin,,active,
1155,James Rodriguez,,active,
1156,Emily Davis,,active,
1157,Nancy Jackson,,active,
1158,Mary Sanchez,,active,
1159,Karen Martinez,,active,
1160,Margaret Taylor,,active,
1161,James Sanchez,,terminated,
1162,David Taylor,,active,
1163,Sandra Thomas,,active,
1164,Joseph Lewis,,active,
1165,Margaret Lewis,,active,
1166,Lisa Lopez,,active,
1167,Anthony Perez,,active,
1168,Charles Nguyen,,active,
1169,Sarah Harris,,active,
1170,Nancy Miller,,active,
1171,Barbara Scott,,active,
1172,Michael Garcia,,active,
1173,Lisa Flores,,active,
1174,Christopher Wilson,,active,
1175,Robert Wilson,,active,
1176,Nancy Moore,,active,
1177,Karen Hernandez,,active,
1178,Mary Torres,,active,
1179,David Lee,,terminated,
1180,Christopher Miller,,active,
1181,Anthony King,,active,
1182,Thomas Lee,,active,
1183,Karen King,,active,
1184,Paul Rodriguez,,active,
1185,Elizabeth Flores,,active,
1186,Jessica Ramirez,,active,
1187,Anthony Moore,,active,
1188,Joseph Garcia,,active,
1189,Jessica Robinson,,terminated,
1190,Thomas Gonzalez,,terminated,
1191,Elizabeth Ramirez,,terminated,
1192,Steven Moore,,terminated,
1193,Ashley Young,,terminated,
1194,Mark Harris,,terminated,
1195,Robert Sanchez,,terminated,
1196,Steven Ramirez,,terminated,
1197,Sandra Lee,,terminated,
1198,Nancy Brown,,active,
1199,Daniel Hill,,terminated,
1200,Mary Sanchez,,terminated,
1201,Paul Martin,,terminated,
1202,Jessica Wilson,,active,
1203,William Young,,active,
1204,Joseph King,,active,
1205,Donald Lopez,,active,
1206,Richard Hernandez,,active,
1207,Betty Allen,,active,
1208,Michael Clark,,terminated,
1209,Linda Anderson,,active,
1210,Jennifer Walker,,active,
1211,Ashley Thompson,,active,
1212,Thomas Brown,,active,
1213,Margaret Torres,,active,
1214,Jennifer Jones,,active,
1215,Susan Robinson,,active,
1216,Charles Ramirez,,terminated,
1217,Nancy Robinson,,active,
1218,Nancy Young,,active,
1219,Patricia Gonzalez,,active,
1220,William Moore,,active,
1221,Charles Gonzalez,,active,
1222,Richard Smith,,active,
1223,Karen Perez,,active,
1224,Sarah Lopez,,active,
1225,Betty Wilson,,active,
1226,Betty Ramirez,,active,
1227,Ashley Harris,,active,
1228,Andrew Lee,,active,
1229,Kimberly Harris,,active,
1230,Nancy Martin,,terminated,
1231,Margaret Thompson,,terminated,
1232,David Sanchez,,active,
1233,Charles Flores,,active,
1234,Emily Allen,,active,
1235,Jennifer Anderson,,active,
1236,Thomas Williams,,terminated,
1237,Jennifer Perez,,active,
1238,Donald Lee,,terminated,
1239,Donald Martin,,active,
1240,Anthony Lopez,,active,
1241,Richard Sanchez,,active,
1242,Michelle Moore,,active,
1243,William Smith,,active,
1244,Sandra Miller,,active,
1245,Barbara Williams,,active,
1246,Michael Flores,,active,
1247,Anthony Jackson,,active,
1248,Elizabeth Jones,,terminated,
1249,Michael Jackson,,terminated,
1250,Linda Perez,,active,
1251,Betty Lopez,,terminated,
1252,Kimberly Davis,,terminated,
1253,Richard Moore,,terminated,
1254,Michael Thomas,,active,
1255,Donald Johnson,,active,
1256,Ashley Nguyen,,active,
1257,Charles Lopez,,active,
1258,Mary Young,,active,
1259,Donna Gonzalez,,active,
1260,Steven Wilson,,active,
1261,Betty Hernandez,,active,
1262,Christopher Hill,,active,
1263,Kimberly Wilson,,active,
1264,Susan Clark,,active,
1265,Barbara Ramirez,,active,
1266,Christopher White,,active,
1267,Mary Nguyen,,active,
1268,Donald Anderson,,active,
1269,Nancy Gonzalez,,active,
1270,James Hernandez,,active,
1271,Nancy Thomas,,terminated,
1272,David Rodriguez,,terminated,
1273,John Harris,,terminated,
1274,Kimberly Garcia,,terminated,
1275,Kimberly Nguyen,,active,
1276,Emily Davis,,terminated,
1277,Sandra White,,active,
1278,Patricia Taylor,,active,
1279,Steven Scott,,active,
1280,John Anderson,,active,
1281,Matthew Garcia,,active,
1282,Linda Davis,,terminated,
1283,Richard Lopez,,terminated,
1284,Thomas Miller,,active,
1285,Karen Martin,,active,
1286,Mark Moore,,terminated,
1287,Steven Nguyen,,terminated,
1288,Steven Garcia,,terminated,
1289,Charles Smith,,active,
1290,Emily Hill,,active,
1291,Christopher Williams,,active,
1292,Patricia Young,,active,
1293,Karen Thompson,,active,
1294,Patricia Torres,,active,
1295,Linda Wilson,,active,
1296,Christopher Hernandez,,active,
1297,Robert Torres,,active,
1298,Steven Scott,,terminated,
1299,Sandra Moore,,active,
1300,Thomas Martin,,active,
1301,Anthony Rodriguez,,active,
1302,Michael Lewis,,terminated,
1303,Joshua Nguyen,,terminated,
1304,Patricia Allen,,terminated,
1305,James King,,active,
1306,Paul Wilson,,active,
1307,Patricia Hill,,active,
1308,Donna Johnson,,active,
1309,Richard Anderson,,active,
1310,Donna Anderson,,active,
1311,Emily Gonzalez,,active,
1312,Nancy Hill,,active,
1313,Charles Martinez,,active,
1314,Robert Martinez,,active,
1315,Betty Sanchez,,active,
1316,Thomas Thomas,,active,
1317,Elizabeth Hernandez,,active,
1318,Mark Johnson,,active,
1319,Andrew Jones,,active,
1320,Sandra Walker,,terminated,
1321,Daniel Thomas,,terminated,
1322,Mary Lee,,terminated,
1323,Margaret Garcia,,terminated,
1324,Richard Young,,terminated,
1325,Jessica Lopez,,active,
1326,Donald Smith,,active,
1327,David Miller,,active,
1328,James Brown,,active,
1329,David Johnson,,active,
1330,Jennifer Wilson,,active,
1331,Sarah Walker,,active,
1332,Margaret Thomas,,active,
1333,Nancy King,,active,
1334,John Hill,,active,
1335,Andrew Young,,active,
1336,Michelle King,,active,
1337,Barbara Lopez,,terminated,
1338,Emily Lewis,,active,
1339,Jessica Smith,,active,
1340,Mary Taylor,,active,
1341,Charles Ramirez,,active,
1342,Donna Lewis,,active,
1343,Kimberly Lee,,terminated,
1344,Mark Wright,,terminated,
1345,Patricia Taylor,,terminated,
1346,John Taylor,,terminated,
1347,Susan Davis,,terminated,
